g,bin,n,mean_pred,observed,calibration_error
AfricanAmerican,0,554,0.3085614625446511,0.03790613718411552,0.2706553253605356
AfricanAmerican,1,541,0.38866955022441035,0.06469500924214418,0.3239745409822662
AfricanAmerican,2,514,0.45362406373906367,0.08171206225680934,0.37191200148225434
AfricanAmerican,3,443,0.5323767278720776,0.11512415349887133,0.41725257437320623
AfricanAmerican,4,452,0.6616088396119808,0.18141592920353983,0.480192910408441
Asian,0,26,0.30426906374605595,0.0,0.30426906374605595
Asian,1,24,0.3937377760751364,0.041666666666666664,0.3520711094084697
Asian,2,21,0.4587978288932095,0.047619047619047616,0.4111787812741619
Asian,3,15,0.5345958827281563,0.26666666666666666,0.2679292160614896
Asian,4,10,0.6992953004052296,0.3,0.3992953004052296
Caucasian,0,1953,0.31088843598980986,0.048131080389144903,0.26275735560066493
Caucasian,1,2058,0.38865549267311955,0.06316812439261418,0.3254873682805054
Caucasian,2,2107,0.4559704738721684,0.07498813478879925,0.38098233908336915
Caucasian,3,2195,0.5353370668380645,0.09111617312072894,0.44422089371733553
Caucasian,4,2209,0.6695069144340053,0.16840199185151652,0.5011049225824888
Hispanic,0,97,0.29974244802504085,0.061855670103092786,0.23788677792194807
Hispanic,1,57,0.3869887134210933,0.03508771929824561,0.3519009941228477
Hispanic,2,40,0.4464512600134318,0.1,0.34645126001343185
Hispanic,3,46,0.5361096608448055,0.10869565217391304,0.42741400867089246
Hispanic,4,46,0.6704907474768702,0.2826086956521739,0.3878820518246963
Other,0,75,0.2987978579089552,0.013333333333333334,0.2854645245756219
Other,1,41,0.3892176486038552,0.024390243902439025,0.36482740470141617
Other,2,43,0.4539977833535005,0.023255813953488372,0.43074196940001214
Other,3,39,0.5234335263514883,0.07692307692307693,0.4465104494284114
Other,4,31,0.6546459871193117,0.16129032258064516,0.4933556645386665
Unknown,0,95,0.3039431022148263,0.021052631578947368,0.2828904706358789
Unknown,1,78,0.38593632711211384,0.02564102564102564,0.3602953014710882
Unknown,2,75,0.45325332367213284,0.05333333333333334,0.3999199903387995
Unknown,3,61,0.5382547230072293,0.11475409836065574,0.42350062464657356
Unknown,4,52,0.6562716919644804,0.1346153846153846,0.5216563073490958
