threshold,expected_cost,precision,recall,f1,flagged_rate,tp,fp,fn,tn,feasible
0.01,75.0,0.08979854264894985,1.0,0.1647984267453294,1.0,1257,12741,0,0,False
0.0125,75.0,0.08979854264894985,1.0,0.1647984267453294,1.0,1257,12741,0,0,False
0.015,75.0,0.08979854264894985,1.0,0.1647984267453294,1.0,1257,12741,0,0,False
0.0175,75.0,0.08979854264894985,1.0,0.1647984267453294,1.0,1257,12741,0,0,False
0.02,75.0,0.08979854264894985,1.0,0.1647984267453294,1.0,1257,12741,0,0,False
0.0225,75.0,0.08979854264894985,1.0,0.1647984267453294,1.0,1257,12741,0,0,False
0.025,75.0,0.08979854264894985,1.0,0.1647984267453294,1.0,1257,12741,0,0,False
0.027500000000000004,75.0,0.08979854264894985,1.0,0.1647984267453294,1.0,1257,12741,0,0,False
0.03,75.0,0.08979854264894985,1.0,0.1647984267453294,1.0,1257,12741,0,0,False
0.0325,75.0,0.08979854264894985,1.0,0.1647984267453294,1.0,1257,12741,0,0,False
0.035,75.0,0.08979854264894985,1.0,0.1647984267453294,1.0,1257,12741,0,0,False
0.0375,75.0,0.08979854264894985,1.0,0.1647984267453294,1.0,1257,12741,0,0,False
0.04,75.0,0.08979854264894985,1.0,0.1647984267453294,1.0,1257,12741,0,0,False
0.0425,75.0,0.08979854264894985,1.0,0.1647984267453294,1.0,1257,12741,0,0,False
0.045000000000000005,75.0,0.08979854264894985,1.0,0.1647984267453294,1.0,1257,12741,0,0,False
0.0475,75.0,0.08979854264894985,1.0,0.1647984267453294,1.0,1257,12741,0,0,False
0.05,75.0,0.08979854264894985,1.0,0.1647984267453294,1.0,1257,12741,0,0,False
0.052500000000000005,75.0,0.08979854264894985,1.0,0.1647984267453294,1.0,1257,12741,0,0,False
0.055,75.0,0.08979854264894985,1.0,0.1647984267453294,1.0,1257,12741,0,0,False
0.0575,75.0,0.08979854264894985,1.0,0.1647984267453294,1.0,1257,12741,0,0,False
0.060000000000000005,75.0,0.08979854264894985,1.0,0.1647984267453294,1.0,1257,12741,0,0,False
0.0625,75.0,0.08979854264894985,1.0,0.1647984267453294,1.0,1257,12741,0,0,False
0.065,75.0,0.08979854264894985,1.0,0.1647984267453294,1.0,1257,12741,0,0,False
0.0675,75.0,0.08979854264894985,1.0,0.1647984267453294,1.0,1257,12741,0,0,False
0.06999999999999999,75.0,0.08979854264894985,1.0,0.1647984267453294,1.0,1257,12741,0,0,False
0.0725,75.0,0.08979854264894985,1.0,0.1647984267453294,1.0,1257,12741,0,0,False
0.075,75.0,0.08979854264894985,1.0,0.1647984267453294,1.0,1257,12741,0,0,False
0.0775,75.0,0.08979854264894985,1.0,0.1647984267453294,1.0,1257,12741,0,0,False
0.08,75.0,0.08979854264894985,1.0,0.1647984267453294,1.0,1257,12741,0,0,False
0.08249999999999999,75.0,0.08979854264894985,1.0,0.1647984267453294,1.0,1257,12741,0,0,False
0.08499999999999999,75.0,0.08979854264894985,1.0,0.1647984267453294,1.0,1257,12741,0,0,False
0.0875,75.0,0.08979854264894985,1.0,0.1647984267453294,1.0,1257,12741,0,0,False
0.09,75.0,0.08979854264894985,1.0,0.1647984267453294,1.0,1257,12741,0,0,False
0.0925,75.0,0.08979854264894985,1.0,0.1647984267453294,1.0,1257,12741,0,0,False
0.095,75.0,0.08979854264894985,1.0,0.1647984267453294,1.0,1257,12741,0,0,False
0.0975,75.0,0.08979854264894985,1.0,0.1647984267453294,1.0,1257,12741,0,0,False
0.09999999999999999,75.0,0.08979854264894985,1.0,0.1647984267453294,1.0,1257,12741,0,0,False
0.1025,75.0,0.08979854264894985,1.0,0.1647984267453294,1.0,1257,12741,0,0,False
0.105,75.0,0.08979854264894985,1.0,0.1647984267453294,1.0,1257,12741,0,0,False
0.1075,75.0,0.08979854264894985,1.0,0.1647984267453294,1.0,1257,12741,0,0,False
0.11,75.0,0.08979854264894985,1.0,0.1647984267453294,1.0,1257,12741,0,0,False
0.1125,75.0,0.08979854264894985,1.0,0.1647984267453294,1.0,1257,12741,0,0,False
0.11499999999999999,75.0,0.08979854264894985,1.0,0.1647984267453294,1.0,1257,12741,0,0,False
0.1175,75.0,0.08979854264894985,1.0,0.1647984267453294,1.0,1257,12741,0,0,False
0.12,75.0,0.08979854264894985,1.0,0.1647984267453294,1.0,1257,12741,0,0,False
0.1225,75.0,0.08979854264894985,1.0,0.1647984267453294,1.0,1257,12741,0,0,False
0.125,75.0,0.08979854264894985,1.0,0.1647984267453294,1.0,1257,12741,0,0,False
0.1275,75.0,0.08979854264894985,1.0,0.1647984267453294,1.0,1257,12741,0,0,False
0.13,75.0,0.08979854264894985,1.0,0.1647984267453294,1.0,1257,12741,0,0,False
0.1325,75.0,0.08979854264894985,1.0,0.1647984267453294,1.0,1257,12741,0,0,False
0.135,75.0,0.08979854264894985,1.0,0.1647984267453294,1.0,1257,12741,0,0,False
0.1375,75.0,0.08979854264894985,1.0,0.1647984267453294,1.0,1257,12741,0,0,False
0.14,75.0,0.08979854264894985,1.0,0.1647984267453294,1.0,1257,12741,0,0,False
0.14250000000000002,75.0,0.08979854264894985,1.0,0.1647984267453294,1.0,1257,12741,0,0,False
0.14500000000000002,75.0,0.08979854264894985,1.0,0.1647984267453294,1.0,1257,12741,0,0,False
0.14750000000000002,75.0,0.08979854264894985,1.0,0.1647984267453294,1.0,1257,12741,0,0,False
0.15000000000000002,75.0,0.08979854264894985,1.0,0.1647984267453294,1.0,1257,12741,0,0,False
0.15250000000000002,75.0,0.08979854264894985,1.0,0.1647984267453294,1.0,1257,12741,0,0,False
0.155,75.0,0.08979854264894985,1.0,0.1647984267453294,1.0,1257,12741,0,0,False
0.1575,75.0,0.08979854264894985,1.0,0.1647984267453294,1.0,1257,12741,0,0,False
0.16,75.0,0.08979854264894985,1.0,0.1647984267453294,1.0,1257,12741,0,0,False
0.1625,75.0,0.08979854264894985,1.0,0.1647984267453294,1.0,1257,12741,0,0,False
0.165,75.0,0.08979854264894985,1.0,0.1647984267453294,1.0,1257,12741,0,0,False
0.1675,75.0,0.08979854264894985,1.0,0.1647984267453294,1.0,1257,12741,0,0,False
0.17,75.0,0.08979854264894985,1.0,0.1647984267453294,1.0,1257,12741,0,0,False
0.17250000000000001,75.0,0.08979854264894985,1.0,0.1647984267453294,1.0,1257,12741,0,0,False
0.17500000000000002,75.0,0.08979854264894985,1.0,0.1647984267453294,1.0,1257,12741,0,0,False
0.17750000000000002,75.0,0.08979854264894985,1.0,0.1647984267453294,1.0,1257,12741,0,0,False
0.18000000000000002,75.0,0.08979854264894985,1.0,0.1647984267453294,1.0,1257,12741,0,0,False
0.18250000000000002,75.0,0.08979854264894985,1.0,0.1647984267453294,1.0,1257,12741,0,0,False
0.18500000000000003,75.0,0.08979854264894985,1.0,0.1647984267453294,1.0,1257,12741,0,0,False
0.1875,75.0,0.08979854264894985,1.0,0.1647984267453294,1.0,1257,12741,0,0,False
0.19,75.0,0.08979854264894985,1.0,0.1647984267453294,1.0,1257,12741,0,0,False
0.1925,75.0,0.08979854264894985,1.0,0.1647984267453294,1.0,1257,12741,0,0,False
0.195,74.98928418345479,0.08981137467847956,1.0,0.16482003540287157,0.9998571224460637,1257,12739,0,2,False
0.1975,74.98928418345479,0.08981137467847956,1.0,0.16482003540287157,0.9998571224460637,1257,12739,0,2,False
0.2,74.98392627518217,0.08981779206859593,1.0,0.16483084185680566,0.9997856836690956,1257,12738,0,3,False
0.2025,74.97856836690956,0.08982421037587537,1.0,0.1648416497278867,0.9997142448921275,1257,12737,0,4,False
0.20500000000000002,74.97321045863694,0.08983062960051454,1.0,0.16485245901639345,0.9996428061151593,1257,12736,0,5,False
0.20750000000000002,74.96785255036434,0.08983704974271012,1.0,0.16486326972260476,0.9995713673381912,1257,12735,0,6,False
0.21000000000000002,74.96785255036434,0.08983704974271012,1.0,0.16486326972260476,0.9995713673381912,1257,12735,0,6,False
0.21250000000000002,74.95713673381911,0.08984989278055754,1.0,0.1648848953892569,0.9994284897842549,1257,12733,0,8,False
0.21500000000000002,74.92498928418345,0.08988844393592678,1.0,0.16494980644314677,0.9989998571224461,1257,12727,0,14,False
0.21750000000000003,74.91963137591084,0.08989487234499034,1.0,0.16496062992125984,0.998928418345478,1257,12726,0,15,False
0.22,74.88748392627518,0.08993346211633398,1.0,0.16502560063016936,0.9984997856836691,1257,12720,0,21,False
0.2225,74.8446206600943,0.08998496671200515,1.0,0.16511230789439119,0.997928275467924,1257,12712,0,29,False
0.225,76.92884697813973,0.08991259492764006,0.9984089101034208,0.16496878080841276,0.9971424489212745,1255,12703,2,38,False
0.2275,76.86990998714101,0.0899835089983509,0.9984089101034208,0.16508813470139436,0.996356622374625,1255,12692,2,49,False
0.23,76.79489927132448,0.09007392521352185,0.9984089101034208,0.1652402896642528,0.995356479497071,1255,12678,2,63,False
0.2325,76.74132018859837,0.09013861955038426,0.9984089101034208,0.16534914361001318,0.9946420917273896,1255,12668,2,73,False
0.23500000000000001,77.77539648521217,0.09011210117849956,0.9976133651551312,0.16529361365583603,0.9941420202886126,1254,12662,3,79,False
0.23750000000000002,77.65216459494214,0.09026128266033254,0.9976133651551312,0.16554455445544555,0.9924989284183455,1254,12639,3,102,False
0.24000000000000002,77.60394342048865,0.09031979256698358,0.9976133651551312,0.16564295621161085,0.9918559794256322,1254,12630,3,111,False
0.24250000000000002,77.54500642948993,0.09039140777048944,0.9976133651551312,0.1657633840052875,0.9910701528789827,1254,12619,3,122,False
0.24500000000000002,78.53621945992285,0.0904170876028287,0.9968178202068417,0.16579556731723455,0.9899985712244607,1253,12605,4,136,False
0.24750000000000003,79.47921131590228,0.09050166257047854,0.9960222752585521,0.16592671128487177,0.9882840405772253,1252,12582,5,159,False
0.25,80.40077153879126,0.09061277705345502,0.9952267303102625,0.1661023700458076,0.9862837548221175,1251,12555,6,186,False
0.2525,80.28825546506644,0.09075081610446137,0.9952267303102625,0.16633426406063023,0.9847835405057865,1251,12534,6,207,False
0.255,81.18302614659237,0.09089586969168122,0.994431185361973,0.16656672663068825,0.982426060865838,1250,12502,7,239,False
0.2575,83.19759965709387,0.09090909090909091,0.9928400954653938,0.16656656656656657,0.9807115302186027,1248,12480,9,261,False
0.26,84.11915987998286,0.09102189781021898,0.9920445505171042,0.16674466804840543,0.9787112444634948,1247,12453,10,288,False
0.2625,83.96913844834977,0.09120830895260386,0.9920445505171042,0.1670574050505727,0.9767109587083869,1247,12425,10,316,False
0.265,84.85319331333048,0.09136906944342597,0.9912490055688147,0.1673156975963475,0.9742106015145021,1246,12391,11,350,False
0.2675,87.84826403771967,0.09142394822006472,0.9888623707239459,0.16737359456002154,0.9712816116588084,1243,12353,14,388,False
0.27,90.83797685383627,0.09148590821897595,0.9864757358790772,0.16744311660252514,0.9682811830261466,1240,12314,17,427,False
0.2725,91.69524217745392,0.09168269942282078,0.9856801909307876,0.1677611536118069,0.9654236319474211,1239,12275,18,466,False
0.275,93.60801543077582,0.09182688738772177,0.9840891010342084,0.16797935904399783,0.9623517645377911,1237,12234,20,507,False
0.2775,95.54222031718817,0.0919446098868374,0.9824980111376292,0.16815303968956363,0.9595656522360337,1235,12197,22,544,False
0.28,96.38341191598799,0.09216521024721787,0.9817024661893397,0.16851017342619146,0.9564937848264038,1234,12155,23,586,False
0.28250000000000003,96.14230604372054,0.09247601918465227,0.9817024661893397,0.16902951852612835,0.9532790398628376,1234,12110,23,631,False
0.28500000000000003,96.90848692670382,0.0927974712124633,0.9809069212410502,0.16955445544554457,0.9492070295756536,1233,12054,24,687,False
0.28750000000000003,99.90891555936562,0.09285121159507813,0.9785202863961814,0.16960838389409819,0.9463494784969282,1230,12017,27,724,False
0.29000000000000004,100.6750964423489,0.09317664897649734,0.9777247414478918,0.1701391292309822,0.9422774682097442,1229,11961,28,780,False
0.29250000000000004,101.4466352336048,0.0934977919902543,0.9769291964996022,0.17066221944270724,0.9382768966995285,1228,11906,29,835,False
0.29500000000000004,101.10908701243035,0.09394843546782955,0.9769291964996022,0.17141261864879956,0.9337762537505357,1228,11843,29,898,False
0.29750000000000004,100.76618088298328,0.09441070192973014,0.9769291964996022,0.17218171620863712,0.929204172024575,1228,11779,29,962,False
0.3,103.69159879982854,0.09457268586427854,0.9745425616547335,0.1724137931034483,0.9253464780682955,1225,11728,32,1013,False
0.3025,105.4704243463352,0.09491656965463717,0.9729514717581543,0.17295997737236601,0.9204886412344621,1223,11662,34,1079,False
0.305,106.18838405486498,0.0953272486153366,0.9721559268098647,0.17362887183859052,0.915773681954565,1222,11597,35,1144,False
0.3075,107.86005143591942,0.09582907862697353,0.9705648369132857,0.17443523019731197,0.9094870695813687,1220,11511,37,1230,False
0.31,112.86969567081012,0.09592610137375651,0.9665871121718377,0.17453135100193923,0.9048435490784398,1215,11451,42,1290,False
0.3125,116.82918988426918,0.09607298690995637,0.9634049323786794,0.17472226229981244,0.9004857836833834,1211,11394,46,1347,False
0.315,121.75846549507072,0.0962874251497006,0.9594272076372315,0.17501088376142795,0.8947706815259323,1206,11319,51,1422,False
0.3175,124.5820831547364,0.09661098618695792,0.9570405727923628,0.17550514260704647,0.8895556508072582,1203,11249,54,1492,False
0.32,126.29661380197172,0.09707403815066279,0.9554494828957836,0.17624183725878642,0.8838405486498071,1201,11171,56,1570,False
0.3225,130.19181311615944,0.09732498577120091,0.9522673031026253,0.17660076718796106,0.878625517931133,1197,11102,60,1639,False
0.325,132.97792541791685,0.09771667075865456,0.9498806682577565,0.1772039180765806,0.872910415773682,1194,11025,63,1716,False
0.3275,134.63887698242607,0.09827685711930086,0.9482895783611774,0.17809651875093382,0.8664809258465495,1192,10937,65,1804,False
0.33,137.3981997428204,0.09872135503155098,0.9459029435163087,0.17878355010901437,0.8604086298042577,1189,10855,68,1886,False
0.3325,146.5816545220746,0.09867870881418297,0.9387430389817024,0.17858494135452138,0.8542648949849978,1180,10778,77,1963,False
0.335,152.5771538791256,0.09884651006146333,0.933969769291965,0.17877265113446017,0.8484783540505787,1174,10703,83,2038,False
0.3375,155.39541363051865,0.0992120647293061,0.9315831344470963,0.1793261868300153,0.8431918845549364,1171,10632,86,2109,False
0.34,158.09044149164166,0.0997778916794806,0.9291964996022275,0.18020519941371596,0.836262323189027,1168,10538,89,2203,False
0.3425,167.2471067295328,0.09978476108480414,0.9220365950676214,0.18008079552517092,0.8297613944849265,1159,10456,98,2285,False
0.34500000000000003,169.95820831547363,0.10033851228191998,0.9196499602227526,0.18093598372202221,0.8230461494499214,1156,10365,101,2376,False
0.34750000000000003,173.77303900557223,0.10076095512988717,0.9164677804295943,0.18156028368794327,0.8167595370767252,1152,10281,105,2460,False
0.35000000000000003,175.42863266180882,0.10139305237171575,0.9148766905330151,0.18255417096594967,0.8102586083726246,1150,10192,107,2549,False
0.35250000000000004,181.3062580368624,0.10178841533944301,0.9101034208432777,0.18309859154929578,0.8029004143449064,1144,10095,113,2646,False
0.35500000000000004,186.16588084012002,0.10218912614390813,0.9061256961018298,0.18366524228009354,0.7962566080868696,1139,10007,118,2734,False
0.35750000000000004,192.0542220317188,0.10258035310095065,0.9013524264120922,0.18419769143228742,0.7890412916130876,1133,9912,124,2829,False
0.36000000000000004,196.89241320188597,0.103032517354768,0.8973747016706444,0.18484227775501844,0.7821117302471782,1128,9820,129,2921,False
0.3625,198.53729104157736,0.10373099953938278,0.8957836117740652,0.1859313077939234,0.7754679239891413,1126,9729,131,3012,False
0.365,208.7387483926275,0.10372711218514732,0.8878281622911695,0.18575233022636484,0.7686098014002001,1116,9643,141,3098,False
0.3675,214.57886840977284,0.10423513944971359,0.883054892601432,0.18646060809675793,0.7607515359337048,1110,9539,147,3202,False
0.37,217.28461208744108,0.10488914155770324,0.8806682577565632,0.1874523749047498,0.7539648521217317,1107,9447,150,3294,False
0.3725,222.0585083583369,0.10550502632838679,0.8766905330151153,0.18834387284224918,0.7461780254322046,1102,9343,155,3398,False
0.375,233.2083154736391,0.10565562657369747,0.86793953858393,0.18837952171285505,0.7376768109729961,1091,9235,166,3506,False
0.3775,237.03921988855552,0.10614197832242946,0.8647573587907716,0.18907636110627934,0.7316045149307044,1087,9154,170,3587,False
0.38,244.9903557651093,0.1065679012345679,0.858392999204455,0.1895976102618169,0.7233176168024004,1079,9046,178,3695,False
0.3825,249.72138876982427,0.10731414868105515,0.8544152744630071,0.19067909454061252,0.7149592798971282,1074,8934,183,3807,False
0.385,258.7333904843549,0.10768452982810921,0.847255369928401,0.1910828025477707,0.7065295042148878,1065,8825,192,3916,False
0.3875,268.8919845692242,0.10780707132638463,0.8392999204455052,0.1910712668658879,0.6990998714102015,1055,8731,202,4010,False
0.39,274.75889412773256,0.10835657473401508,0.8345266507557677,0.19180837447430973,0.6915987998285469,1049,8632,208,4109,False
0.3925,283.7762537505358,0.10874111250522794,0.8273667462211615,0.19221883374919138,0.6832404629232748,1040,8524,217,4217,False
0.395,288.67338191170165,0.10920025321797848,0.8233890214797136,0.19282720074522589,0.6770967281040149,1035,8443,222,4298,False
0.3975,293.44727818259753,0.10993702636353933,0.8194112967382657,0.19386410690758518,0.6693099014144878,1030,8339,227,4402,False
0.4,301.51628804114875,0.11018867924528301,0.8130469371519491,0.19407519939232815,0.6625946563794828,1022,8253,235,4488,False
0.4025,308.4065580797257,0.1107957646545137,0.807478122513922,0.1948550585525053,0.654450635805115,1015,8146,242,4595,False
0.405,312.99292756108014,0.11201064655650438,0.8035003977724742,0.19661280903250924,0.6441634519217031,1010,8007,247,4734,False
0.40750000000000003,320.89048435490787,0.11269823416938476,0.7971360381861575,0.1974773354355538,0.6351621660237177,1002,7889,255,4852,False
0.41000000000000003,327.8343334762109,0.1132354614771822,0.7915672235481305,0.19812823576264438,0.6277325332190313,995,7792,262,4949,False
0.41250000000000003,336.8838405486498,0.1136468418626095,0.7844073190135242,0.19853015201852411,0.6198028289755679,986,7690,271,5051,False
0.41500000000000004,347.02636090870124,0.11389893803244253,0.7764518695306285,0.19865662527986974,0.6121588798399772,976,7593,281,5148,False
0.41750000000000004,354.0666523789113,0.11422845691382766,0.7708830548926014,0.19897330595482546,0.6060151450207173,969,7514,288,5227,False
0.42000000000000004,359.901414487784,0.11502627806975634,0.766109785202864,0.20002077058884618,0.5980854407772539,963,7409,294,5332,False
0.42250000000000004,363.71624517788257,0.11576533075808788,0.7629276054097056,0.20102714600146734,0.5917988284040577,959,7325,298,5416,False
0.42500000000000004,374.9410630090013,0.1159065900476831,0.7541766109785203,0.20093259855871132,0.5842977568224031,948,7231,309,5510,False
0.4275,382.9564937848264,0.11640866873065016,0.7478122513922036,0.20145735105015003,0.5768681240177168,940,7135,317,5606,False
0.43,385.51757393913414,0.11781717590846222,0.745425616547335,0.2034744842562432,0.5681525932276039,937,7016,320,5725,False
0.4325,388.2393913416202,0.11881440020353645,0.7430389817024662,0.20486948892300944,0.5615802257465352,934,6927,323,5814,False
0.435,397.2728246892413,0.11940105847424809,0.7358790771678599,0.20546423811639272,0.5534362051721674,925,6822,332,5919,False
0.4375,402.08958422631804,0.12032435260266806,0.7319013524264121,0.2066719083455015,0.5462208886983855,920,6726,337,6015,False
0.44,404.78996999571365,0.12145695364238411,0.7295147175815434,0.20824344271602135,0.5393627661094442,917,6633,340,6108,False
0.4425,414.9860694384912,0.12169596135784248,0.7215592680986476,0.20826636050516648,0.5324332047435348,907,6546,350,6195,False
0.445,421.9084869267038,0.12253233492171545,0.7159904534606205,0.20925366193908393,0.5247178168309758,900,6445,357,6296,False
0.4475,427.87183883411916,0.12317442821713971,0.711217183770883,0.20998238402818556,0.5185026432347478,894,6364,363,6377,False
0.45,433.7655379339906,0.12405699916177704,0.7064439140811456,0.2110516934046346,0.511358765537934,888,6270,369,6471,False
0.4525,441.82918988426917,0.12459294917174005,0.700079554494829,0.21153846153846154,0.5045720817259608,880,6183,377,6558,False
0.455,453.01114444920705,0.12503597122302157,0.6913285600636436,0.21177043986840502,0.49649949992856124,869,6081,388,6660,False
0.4575,461.08551221603085,0.12556511593991543,0.684964200477327,0.2122257825979788,0.48985569367052434,861,5996,396,6745,False
0.46,468.12044577796826,0.12614475627769572,0.6793953858392999,0.21278186121838794,0.4836405200742963,854,5916,403,6825,False
0.4625,480.44899271324476,0.1262179583270874,0.669848846459825,0.2124117053481332,0.47656808115445065,842,5829,415,6912,False
0.465,489.5574367766824,0.1267691371176381,0.6626889419252188,0.21282575370464998,0.4694242034576368,833,5738,424,7003,False
0.4675,498.75160737248177,0.12702327732387853,0.6555290373906125,0.2128099173553719,0.4634233461923132,824,5663,433,7078,False
0.47000000000000003,504.7363909129876,0.12773266708307307,0.6507557677008751,0.21354914502023234,0.4574939277039577,818,5586,439,7155,False
0.47250000000000003,508.4922846120874,0.12910388580491675,0.6475735879077168,0.21528696112139645,0.45042148878411203,814,5491,443,7250,False
0.47500000000000003,518.6990998714102,0.1294685990338164,0.639618138424821,0.21534752912816393,0.44363480497213886,804,5406,453,7335,False
0.47750000000000004,531.0008572653236,0.12970848345889288,0.630071599045346,0.2151297025668885,0.43620517216745247,792,5314,465,7427,False
0.48000000000000004,535.946206600943,0.13053574390446177,0.6260938743038982,0.21603074389239638,0.43070438634090585,787,5242,470,7499,False
0.48250000000000004,542.9222031718817,0.13151239251390998,0.6205250596658711,0.21702838063439064,0.4237033861980283,780,5151,477,7590,False
0.48500000000000004,547.7496785255037,0.1328875171467764,0.6165473349244233,0.21864861052334603,0.4166309472781826,775,5057,482,7684,False
0.48750000000000004,550.4714959279897,0.13449477351916375,0.6141607000795545,0.2206659997141632,0.41005857979711385,772,4968,485,7773,False
0.49,560.7479639948564,0.13467656415694593,0.6062052505966588,0.22039045553145337,0.40420060008572656,762,4896,495,7845,False
0.4925,566.722031718817,0.13565404629463484,0.6014319809069213,0.2213762811127379,0.3981283040434348,756,4817,501,7924,False
0.495,571.6834547792541,0.13657028550645572,0.5974542561654733,0.22232089994079338,0.39284183454779253,751,4748,506,7993,False
0.4975,577.6200171453065,0.13778435361568336,0.5926809864757359,0.22358943577430973,0.3862694670667238,745,4662,512,8079,False
0.5,586.824903557651,0.13821596244131457,0.5855210819411297,0.22364023093284716,0.3804114873553365,736,4589,521,8152,False
0.5025,597.0370767252465,0.13878799464729497,0.5775656324582339,0.22379778051787916,0.3736962423203315,726,4505,531,8236,False
0.505,603.9166309472782,0.14056695992179863,0.5719968178202068,0.22567482736974262,0.3654093441920274,719,4396,538,8345,False
0.5075,610.8711958851264,0.14203072012766807,0.5664280031821798,0.22711323763955343,0.3581225889412773,712,4301,545,8440,False
0.51,621.190527218174,0.1421340352298036,0.5584725536992841,0.22659780503550678,0.3528361194456351,702,4237,555,8504,False
0.5125000000000001,626.0608658379768,0.14377062706270627,0.5544948289578361,0.22833742833742834,0.3463351907415345,697,4151,560,8590,False
0.515,634.2798971281611,0.14408197406942702,0.5481304693715194,0.22818347408511344,0.3416202314616374,689,4093,568,8648,False
0.5175000000000001,641.4273467638234,0.14461407972858353,0.5425616547334925,0.2283609576427256,0.33690527218174027,682,4034,575,8707,False
0.52,649.5927989712816,0.14525862068965517,0.5361972951471758,0.22859080888587419,0.33147592513216173,674,3966,583,8775,False
0.5225,654.4738534076297,0.14700065919578115,0.5322195704057279,0.2303719008264463,0.32511787398199743,669,3882,588,8859,False
0.525,664.7717531075868,0.14732841493404875,0.5242641209228321,0.23001745200698082,0.3195456493784826,659,3814,598,8927,False
0.5275,669.802828975568,0.1482320942883046,0.5202863961813843,0.23072852354912682,0.31518788398342623,654,3758,603,8983,False
0.53,677.9736390912988,0.14895088771039888,0.5139220365950676,0.23096174472649267,0.30982997571081583,646,3691,611,9050,False
0.5325,684.0012858979854,0.15016424213984045,0.5091487669053302,0.23192607356405145,0.3044720674382055,640,3622,617,9119,False
0.535,685.7693956279469,0.15219465648854963,0.507557677008751,0.23417140759772434,0.29947135305043576,638,3554,619,9187,False
0.5375,691.7970424346336,0.1535098372601409,0.5027844073190135,0.23520655005582433,0.2941134447778254,632,3485,625,9256,False
0.54,702.0520788684098,0.15430414289258249,0.49482895783611774,0.23524962178517397,0.2879697099585655,622,3409,635,9332,False
0.5425,712.4249892841834,0.15427275018905975,0.48687350835322196,0.2343032159264931,0.28339762823260467,612,3355,645,9386,False
0.545,719.5670810115731,0.15512820512820513,0.4813046937151949,0.23463253829745975,0.2786112301757394,605,3295,652,9446,False
0.5475,727.7218174024861,0.15620094191522763,0.47494033412887826,0.23508564678086238,0.2730390055722246,597,3225,660,9516,False
0.55,729.5220745820832,0.15832889835018626,0.4733492442322991,0.23728813559322035,0.26846692384626375,595,3163,662,9578,False
0.5525,735.5443634804972,0.15996740901683867,0.46857597454256167,0.23850981980157926,0.26303757679668527,589,3093,668,9648,False
0.555,750.0857265323617,0.15989988876529476,0.45743834526650756,0.23696682464454977,0.2568938419774253,575,3021,682,9720,False
0.5575,758.3154736390914,0.16053227633069084,0.4510739856801909,0.23679264982250992,0.2523217602514645,567,2965,690,9776,False
0.56,761.1337333904844,0.16310005783689993,0.4486873508353222,0.23923647932131495,0.24703529075582226,564,2894,693,9847,False
0.5625,766.1540934419203,0.1646539027982327,0.4447096260938743,0.24032674118658642,0.24253464780682954,559,2836,698,9905,False
0.5650000000000001,773.322974710673,0.16561656165616562,0.43914081145584727,0.24052287581699347,0.23810544363480496,552,2781,705,9960,False
0.5675,782.5064294899271,0.16723129042192794,0.431980906921241,0.2411190053285968,0.23196170881554506,543,2704,714,10037,False
0.5700000000000001,786.4766395199314,0.16907151819322458,0.42879872712808276,0.24251968503937008,0.22774682097442492,539,2649,718,10092,False
0.5725,791.5452207458209,0.17038927887683472,0.42482100238663484,0.24322477795490777,0.22388912701814545,534,2600,723,10141,False
0.5750000000000001,806.0705100728676,0.17077175697865354,0.41368337311058073,0.24174802417480243,0.21753107586798115,520,2525,737,10216,False
0.5775,820.6922417488213,0.17014122394082046,0.4025457438345266,0.23918695343890334,0.21245892270324332,506,2468,751,10273,False
0.5800000000000001,827.9147021003,0.17077344284736481,0.39697692919649963,0.23881311318497248,0.20874410630090012,499,2423,758,10318,False
0.5825,835.121088726961,0.17160795256365538,0.3914081145584726,0.23860329776915615,0.20481497356765252,492,2375,765,10366,False
0.5850000000000001,846.5173596228033,0.1721546170365068,0.3826571201272872,0.2374722290792397,0.19959994284897842,481,2313,776,10428,False
0.5875,854.8006858122588,0.17262773722627736,0.37629276054097055,0.23667750813109834,0.19574224889269895,473,2267,784,10474,False
0.59,862.9822117445349,0.17435320584926883,0.36992840095465396,0.23700305810397554,0.19052721817402485,465,2202,792,10539,False
0.5925,867.9918559794256,0.1767870868562644,0.36595067621320604,0.23840373153666752,0.18588369767109586,460,2142,797,10599,False
0.595,877.3574796399486,0.1768627450980392,0.35879077167859985,0.23693196742842132,0.1821688812687527,451,2099,806,10642,False
0.5975,884.5102871838834,0.17867203219315894,0.3532219570405728,0.23730625334045966,0.17752536076582368,444,2041,813,10700,False
0.6,891.6952421774539,0.18013190436933224,0.34765314240254575,0.2373065435786044,0.17331047292470353,437,1989,820,10752,False
0.6025,893.5651521645949,0.1831578947368421,0.3460620525059666,0.2395374449339207,0.16966709529932847,435,1940,822,10801,False
0.605,906.1080154307758,0.18264248704663213,0.33651551312649164,0.2367758186397985,0.16545220745820832,423,1893,834,10848,False
0.6075,912.2535362194599,0.18426866990720284,0.3317422434367542,0.2369318181818182,0.161665952278897,417,1846,840,10895,False
0.61,921.5977282468924,0.18486633439057545,0.324582338902148,0.23556581986143188,0.15766538076868125,408,1799,849,10942,False
0.6125,928.8523360480068,0.1855622397038408,0.31901352426412094,0.23464014043300174,0.15437919702814687,401,1760,856,10981,False
0.615,938.228675525075,0.18569398389388916,0.3118536197295147,0.2327790973871734,0.15080725817973997,392,1719,865,11022,False
0.6175,945.4029147021002,0.1878048780487805,0.30628480509148764,0.23283943150892047,0.14644949278468353,385,1665,872,11076,False
0.62,951.5698671238748,0.18940529735132433,0.3015115354017502,0.23265807243707795,0.14294899271324474,379,1622,878,11119,False
0.6225,960.9194170595799,0.19013360739979446,0.294351630867144,0.23103340618170465,0.13901985997999713,370,1576,887,11165,False
0.625,969.2295327903986,0.1908276225619399,0.28798727128082735,0.22954977805960686,0.13551935990855837,362,1535,895,11206,False
0.6275000000000001,976.5109301328761,0.19127155172413793,0.2824184566428003,0.22807581111468037,0.1325903700528647,355,1501,902,11240,False
0.63,982.6725246463781,0.19324473975636766,0.27764518695306284,0.22788116225922297,0.12901843120445777,349,1457,908,11284,False
0.6325000000000001,990.9665666523789,0.1944127708095781,0.27128082736674625,0.22650282298239788,0.12530361480211458,341,1413,916,11328,False
0.635,1001.4091298756965,0.19436288901937757,0.26332537788385046,0.22364864864864864,0.12166023717673953,331,1372,926,11369,False
0.6375000000000001,1007.5814402057437,0.19637462235649547,0.25855210819411295,0.22321428571428573,0.11823117588226889,325,1330,932,11411,False
0.64,1015.8754822117445,0.19775421085464753,0.25218774860779636,0.2216783216783217,0.11451635947992571,317,1286,940,11455,False
0.6425000000000001,1019.9957136733819,0.1991094147582697,0.24900556881463803,0.22127960410038883,0.11230175739391342,313,1259,944,11482,False
0.645,1028.3808401200172,0.19843851659076123,0.24264120922832141,0.21832498210450965,0.10980140020002857,305,1232,952,11509,False
0.6475000000000001,1031.3973424774967,0.20133333333333334,0.24025457438345266,0.21907870874138557,0.10715816545220745,302,1198,955,11543,False
0.65,1039.7235319331332,0.20220082530949107,0.23389021479713604,0.216894135005533,0.1038719817116731,294,1160,963,11581,False
0.6525,1047.015645092156,0.2028268551236749,0.22832140015910898,0.2148203592814371,0.10108586940991571,287,1128,970,11613,False
0.655,1050.0428632661808,0.20579710144927535,0.22593476531424025,0.21539628365566932,0.09858551221603086,284,1096,973,11645,True
0.6575,1053.0754393484783,0.2087667161961367,0.22354813046937153,0.215904725316942,0.09615659379911416,281,1065,976,11676,True
0.66,1062.5,0.20842911877394635,0.2163882259347653,0.21233411397345825,0.09322760394342049,272,1033,985,11708,True
0.6625,1066.5666523789114,0.2120253164556962,0.21320604614160701,0.2126140420468068,0.09029861408772681,268,996,989,11745,True
0.665,1072.7925417916845,0.2137030995106036,0.20843277645186953,0.21103503826016914,0.08758394056293756,262,964,995,11777,True
0.6675,1075.851907415345,0.21637426900584794,0.2060461416070008,0.2110839445802771,0.08551221603086155,259,938,998,11803,True
0.67,1081.049078439777,0.21765209940017138,0.2020684168655529,0.20957095709570958,0.0833690527218174,254,913,1003,11828,True
0.6725,1090.53793399057,0.21528998242530756,0.1949085123309467,0.2045929018789144,0.08129732818974139,245,893,1012,11848,True
0.675,1096.8174024860693,0.2153153153153153,0.19013524264120923,0.20194338825517533,0.07929704243463352,239,871,1018,11870,True
0.6775,1105.21324474925,0.21448467966573817,0.18377088305489261,0.19794344473007713,0.07693956279468496,231,846,1026,11895,True
0.68,1109.365623660523,0.21577946768060838,0.1805887032617343,0.19662191424859246,0.0751535933704815,227,825,1030,11916,True
0.6825,1111.3480497213889,0.22015655577299412,0.17899761336515513,0.19745502413339183,0.07301043006143734,225,797,1032,11944,True
0.685,1112.3178311187312,0.22333000997008973,0.17820206841686556,0.19823008849557522,0.07165309329904272,224,779,1033,11962,True
0.6875,1117.5417916845263,0.22392638036809817,0.17422434367541767,0.1959731543624161,0.06986712387483926,219,759,1038,11982,True
0.6900000000000001,1118.5115730818688,0.2273201251303441,0.17342879872712808,0.1967509025270758,0.06850978711244464,218,741,1039,12000,True
0.6925,1120.531504500643,0.23076923076923078,0.1718377088305489,0.19699042407660738,0.06686669524217745,216,720,1041,12021,True
0.6950000000000001,1128.975567938277,0.22807017543859648,0.1654733492442323,0.1917934532042416,0.06515216459494214,208,704,1049,12037,True
0.6975,1129.9024860694385,0.23389830508474577,0.16467780429594273,0.19327731092436976,0.0632233176168024,207,678,1050,12063,True
0.7000000000000001,1131.9492070295757,0.2364475201845444,0.16308671439936356,0.19303201506591336,0.06193741963137591,205,662,1052,12079,True
0.7025,1138.2501071581655,0.23606168446026096,0.1583134447096261,0.1895238095238095,0.06022288898414059,199,644,1058,12097,True
0.7050000000000001,1138.1375910844406,0.24209245742092458,0.1583134447096261,0.19143819143819144,0.058722674667809685,199,623,1058,12118,True
0.7075,1146.533433347621,0.2420785804816223,0.15194908512330946,0.18670576735092864,0.05636519502786112,191,598,1066,12143,True
0.7100000000000001,1150.7072438919845,0.24348958333333334,0.14876690533015116,0.18469135802469136,0.05486498071153022,187,581,1070,12160,True
0.7125,1151.6341620231462,0.25101214574898784,0.14797136038186157,0.18618618618618618,0.052936133733390484,186,555,1071,12186,True
0.715,1155.7811830261467,0.2545454545454545,0.14478918058870327,0.1845841784989858,0.051078725532218885,182,533,1075,12208,True
0.7175,1162.0392198885554,0.25768667642752563,0.14001591089896578,0.18144329896907216,0.048792684669238466,176,507,1081,12234,True
0.72,1164.0752250321475,0.26244343891402716,0.13842482100238662,0.18125,0.047363909129875696,174,489,1083,12252,True
0.7225,1165.0450064294898,0.2686335403726708,0.13762927605409706,0.18200946870068385,0.04600657236748107,173,471,1084,12270,True
0.725,1169.1866695242177,0.2739059967585089,0.13444709626093873,0.18036286019210246,0.044077725389341335,169,448,1088,12293,True
0.7275,1173.4033433347622,0.2731788079470199,0.13126491646778043,0.17732401934443848,0.043149021288755536,165,439,1092,12302,True
0.73,1180.7865409344192,0.27147766323024053,0.12569610182975338,0.17183251767264818,0.041577368195456495,158,424,1099,12317,True
0.7325,1183.9262751821689,0.272887323943662,0.12330946698488465,0.16986301369863013,0.04057722531790256,155,413,1102,12328,True
0.735,1187.0070724389197,0.27992633517495397,0.12092283214001591,0.1688888888888889,0.0387912558936991,152,391,1105,12350,True
0.7375,1190.1521645949422,0.2811320754716981,0.11853619729514718,0.1667599328483492,0.0378625517931133,149,381,1108,12360,True
0.74,1196.4744963566225,0.2803921568627451,0.11376292760540971,0.16185625353706848,0.036433776253750536,143,367,1114,12374,True
0.7425,1200.6858122588942,0.28024193548387094,0.1105807478122514,0.15858528237307473,0.0354336333761966,139,357,1118,12384,True
0.745,1205.941920274325,0.2809224318658281,0.10660302307080351,0.15455594002306805,0.034076296613801974,134,343,1123,12398,True
0.7475,1211.2141020145734,0.279826464208243,0.1026252983293556,0.15017462165308498,0.03293327618231176,129,332,1128,12409,True
0.75,1219.66352336048,0.2762557077625571,0.09626093874303898,0.14277286135693215,0.031290184312044576,121,317,1136,12424,True
0.7525000000000001,1227.0520788684098,0.2733812949640288,0.09069212410501193,0.13620071684587814,0.029789969995713674,114,303,1143,12438,True
0.755,1230.2025289327046,0.2740740740740741,0.0883054892601432,0.13357400722021662,0.028932704672096014,111,294,1146,12447,True
0.7575000000000001,1233.331547363909,0.2776349614395887,0.08591885441527446,0.13122721749696234,0.0277896842406058,108,281,1149,12460,True
0.76,1238.5822974710672,0.2791327913279133,0.08194112967382657,0.12669126691266913,0.026360908701243035,103,266,1154,12475,True
0.7625000000000001,1243.854479211316,0.2776203966005666,0.07796340493237867,0.12173913043478261,0.02521788826975282,98,255,1159,12486,True
0.765,1245.8958422631804,0.2874251497005988,0.07637231503579953,0.12067881835323696,0.023860551507358194,96,238,1161,12503,True
0.7675000000000001,1247.9693527646807,0.29283489096573206,0.07478122513922036,0.11913814955640051,0.022931847406772395,94,227,1163,12514,True
0.77,1255.406129447064,0.2815533980582524,0.06921241050119331,0.1111111111111111,0.022074582083154735,87,222,1170,12519,True
0.7725000000000001,1257.495713673382,0.2842809364548495,0.06762132060461416,0.10925449871465295,0.021360194313473354,85,214,1172,12527,True
0.775,1262.7411058722676,0.28776978417266186,0.06364359586316627,0.10423452768729642,0.01985997999714245,80,198,1177,12543,True
0.7775000000000001,1265.8915559365623,0.2894736842105263,0.061256961018297536,0.10111621799080761,0.01900271467352479,77,189,1180,12552,True
0.78,1271.147663951993,0.291497975708502,0.057279236276849645,0.09574468085106383,0.01764537791113016,72,175,1185,12566,True
0.7825,1275.3804114873553,0.2869198312236287,0.05409705648369133,0.09103078982597054,0.01693099014144878,68,169,1189,12572,True
0.785,1279.5702957565366,0.2922374429223744,0.05091487669053302,0.08672086720867209,0.015645092156022288,64,155,1193,12586,True
0.7875,1285.9087012430348,0.2871287128712871,0.046141607000795545,0.07950651130911583,0.014430632947563938,58,144,1199,12597,True
0.79,1289.0645092156021,0.2879581151832461,0.04375497215592681,0.07596685082872928,0.013644806400914417,55,136,1202,12605,True
0.7925,1293.2865409344192,0.2849162011173184,0.0405727923627685,0.07103064066852367,0.012787541077296757,51,128,1206,12613,True
0.795,1297.4871410201458,0.2883435582822086,0.03739061256961018,0.06619718309859154,0.011644520645806544,47,116,1210,12625,True
0.7975,1301.7252464637806,0.2792207792207792,0.03420843277645187,0.06094968107725018,0.0110015716530933,43,111,1214,12630,True
0.8,1304.8596228032577,0.28776978417266186,0.031821797931583136,0.05730659025787966,0.009929989998571224,40,99,1217,12642,True
0.8025,1304.800685812259,0.3125,0.031821797931583136,0.05776173285198556,0.009144163451921703,40,88,1217,12653,True
0.805,1304.7471067295328,0.3389830508474576,0.031821797931583136,0.05818181818181818,0.00842977568224032,40,78,1217,12663,True
0.8075,1305.7918988426918,0.34513274336283184,0.031026252983293555,0.05693430656934306,0.008072581797399628,39,74,1218,12667,True
0.81,1307.8975567938278,0.3490566037735849,0.0294351630867144,0.05429200293470286,0.00757251035862266,37,69,1220,12672,True
0.8125,1308.9477068152594,0.35294117647058826,0.028639618138424822,0.052980132450331126,0.007286755250750107,36,66,1221,12675,True
0.8150000000000001,1314.2520360051435,0.33695652173913043,0.024661893396976928,0.04595997034840623,0.006572367481068724,31,61,1226,12680,True
0.8175,1317.423917702529,0.3333333333333333,0.022275258552108195,0.041759880686055184,0.006000857265323617,28,56,1229,12685,True
0.8200000000000001,1318.4794256322332,0.3333333333333333,0.021479713603818614,0.04035874439461883,0.005786540934419202,27,54,1230,12687,True
0.8225,1319.4974282040291,0.36619718309859156,0.020684168655529037,0.0391566265060241,0.00507215316473782,26,45,1231,12696,True
0.8250000000000001,1321.6084440634377,0.36923076923076925,0.01909307875894988,0.036308623298033284,0.00464352050292899,24,41,1233,12700,True
0.8275,1324.7856836690955,0.3620689655172414,0.016706443914081145,0.03193916349809886,0.004143449064152022,21,37,1236,12704,True
0.8300000000000001,1326.8806258036861,0.3877551020408163,0.015115354017501989,0.02909647779479326,0.003500500071438777,19,30,1238,12711,True
0.8325,1330.073939134162,0.35555555555555557,0.012728719172633254,0.02457757296466974,0.0032147449635662236,16,29,1241,12712,True
0.8350000000000001,1331.1133733390484,0.38461538461538464,0.011933174224343675,0.023148148148148147,0.002786112301757394,15,24,1242,12717,True
0.8375,1334.295970852979,0.36363636363636365,0.00954653937947494,0.018604651162790697,0.002357479639948564,12,21,1245,12720,True
0.8400000000000001,1335.3514787826832,0.36666666666666664,0.008750994431185362,0.017094017094017096,0.0021431633090441492,11,19,1246,12722,True
0.8425,1338.5287183883413,0.34782608695652173,0.006364359586316627,0.0125,0.001643091870267181,8,15,1249,12726,True
0.845,1339.5949421345906,0.3181818181818182,0.005568814638027049,0.0109460516028147,0.0015716530932990426,7,15,1250,12726,True
0.8475,1341.7113159022717,0.29411764705882354,0.003977724741447892,0.007849293563579277,0.0012144592084583513,5,12,1252,12729,True
0.85,1341.7006000857266,0.3333333333333333,0.003977724741447892,0.007861635220125786,0.0010715816545220746,5,10,1252,12731,True
0.8525,1341.695242177454,0.35714285714285715,0.003977724741447892,0.007867820613690008,0.0010001428775539363,5,9,1252,12732,True
0.855,1344.8885555079296,0.2,0.0015910898965791568,0.0031570639305445935,0.000714387769681383,2,8,1255,12733,True
0.8575,1347.0102871838835,0.0,0.0,0.0,0.0004286326618088298,0,6,1257,12735,True
0.86,1347.0049292756107,0.0,0.0,0.0,0.0003571938848406915,0,5,1257,12736,True
0.8625,1346.988855550793,0.0,0.0,0.0,0.00014287755393627662,0,2,1257,12739,True
0.865,1346.9834976425204,0.0,0.0,0.0,7.143877696813831e-05,0,1,1257,12740,True
0.8675,1346.9834976425204,0.0,0.0,0.0,7.143877696813831e-05,0,1,1257,12740,True
0.87,1346.9781397342479,0.0,0.0,0.0,0.0,0,0,1257,12741,True
0.8725,1346.9781397342479,0.0,0.0,0.0,0.0,0,0,1257,12741,True
0.875,1346.9781397342479,0.0,0.0,0.0,0.0,0,0,1257,12741,True
0.8775000000000001,1346.9781397342479,0.0,0.0,0.0,0.0,0,0,1257,12741,True
0.88,1346.9781397342479,0.0,0.0,0.0,0.0,0,0,1257,12741,True
0.8825000000000001,1346.9781397342479,0.0,0.0,0.0,0.0,0,0,1257,12741,True
0.885,1346.9781397342479,0.0,0.0,0.0,0.0,0,0,1257,12741,True
0.8875000000000001,1346.9781397342479,0.0,0.0,0.0,0.0,0,0,1257,12741,True
0.89,1346.9781397342479,0.0,0.0,0.0,0.0,0,0,1257,12741,True
0.8925000000000001,1346.9781397342479,0.0,0.0,0.0,0.0,0,0,1257,12741,True
0.895,1346.9781397342479,0.0,0.0,0.0,0.0,0,0,1257,12741,True
0.8975000000000001,1346.9781397342479,0.0,0.0,0.0,0.0,0,0,1257,12741,True
0.9,1346.9781397342479,0.0,0.0,0.0,0.0,0,0,1257,12741,True
0.9025000000000001,1346.9781397342479,0.0,0.0,0.0,0.0,0,0,1257,12741,True
0.905,1346.9781397342479,0.0,0.0,0.0,0.0,0,0,1257,12741,True
0.9075,1346.9781397342479,0.0,0.0,0.0,0.0,0,0,1257,12741,True
0.91,1346.9781397342479,0.0,0.0,0.0,0.0,0,0,1257,12741,True
0.9125,1346.9781397342479,0.0,0.0,0.0,0.0,0,0,1257,12741,True
0.915,1346.9781397342479,0.0,0.0,0.0,0.0,0,0,1257,12741,True
0.9175,1346.9781397342479,0.0,0.0,0.0,0.0,0,0,1257,12741,True
0.92,1346.9781397342479,0.0,0.0,0.0,0.0,0,0,1257,12741,True
0.9225,1346.9781397342479,0.0,0.0,0.0,0.0,0,0,1257,12741,True
0.925,1346.9781397342479,0.0,0.0,0.0,0.0,0,0,1257,12741,True
0.9275,1346.9781397342479,0.0,0.0,0.0,0.0,0,0,1257,12741,True
0.93,1346.9781397342479,0.0,0.0,0.0,0.0,0,0,1257,12741,True
0.9325,1346.9781397342479,0.0,0.0,0.0,0.0,0,0,1257,12741,True
0.935,1346.9781397342479,0.0,0.0,0.0,0.0,0,0,1257,12741,True
0.9375,1346.9781397342479,0.0,0.0,0.0,0.0,0,0,1257,12741,True
0.9400000000000001,1346.9781397342479,0.0,0.0,0.0,0.0,0,0,1257,12741,True
0.9425,1346.9781397342479,0.0,0.0,0.0,0.0,0,0,1257,12741,True
0.9450000000000001,1346.9781397342479,0.0,0.0,0.0,0.0,0,0,1257,12741,True
0.9475,1346.9781397342479,0.0,0.0,0.0,0.0,0,0,1257,12741,True
0.9500000000000001,1346.9781397342479,0.0,0.0,0.0,0.0,0,0,1257,12741,True
0.9525,1346.9781397342479,0.0,0.0,0.0,0.0,0,0,1257,12741,True
0.9550000000000001,1346.9781397342479,0.0,0.0,0.0,0.0,0,0,1257,12741,True
0.9575,1346.9781397342479,0.0,0.0,0.0,0.0,0,0,1257,12741,True
0.9600000000000001,1346.9781397342479,0.0,0.0,0.0,0.0,0,0,1257,12741,True
0.9625,1346.9781397342479,0.0,0.0,0.0,0.0,0,0,1257,12741,True
0.9650000000000001,1346.9781397342479,0.0,0.0,0.0,0.0,0,0,1257,12741,True
0.9675,1346.9781397342479,0.0,0.0,0.0,0.0,0,0,1257,12741,True
0.97,1346.9781397342479,0.0,0.0,0.0,0.0,0,0,1257,12741,True
0.9725,1346.9781397342479,0.0,0.0,0.0,0.0,0,0,1257,12741,True
0.975,1346.9781397342479,0.0,0.0,0.0,0.0,0,0,1257,12741,True
0.9775,1346.9781397342479,0.0,0.0,0.0,0.0,0,0,1257,12741,True
0.98,1346.9781397342479,0.0,0.0,0.0,0.0,0,0,1257,12741,True
0.9825,1346.9781397342479,0.0,0.0,0.0,0.0,0,0,1257,12741,True
0.985,1346.9781397342479,0.0,0.0,0.0,0.0,0,0,1257,12741,True
0.9875,1346.9781397342479,0.0,0.0,0.0,0.0,0,0,1257,12741,True
0.99,1346.9781397342479,0.0,0.0,0.0,0.0,0,0,1257,12741,True
