attribute,group,n,positive_rate,selection_rate,tpr_recall,fpr,ppv_precision,roc_auc,reliable
race,Caucasian,10522,0.09066717354115188,0.10235696635620604,0.24947589098532494,0.08768812709030101,0.22098421541318478,0.647276933769448,True
race,AfricanAmerican,2504,0.09225239616613419,0.08027156549520767,0.19913419913419914,0.06819181698196217,0.22885572139303484,0.6740867286401823,True
race,Unknown,361,0.060941828254847646,0.055401662049861494,0.13636363636363635,0.05014749262536873,0.15,0.7090372754089569,True
race,Hispanic,286,0.1048951048951049,0.08741258741258741,0.3,0.0625,0.36,0.7032552083333334,True
race,Other,229,0.048034934497816595,0.056768558951965066,0.18181818181818182,0.05045871559633028,0.15384615384615385,0.7481234361968307,True
race,Asian,96,0.09375,,,,,,False
gender,Female,7507,0.08845077927267883,0.09844145464233382,0.24096385542168675,0.08461201227531784,0.2165087956698241,0.6644035589970579,True
gender,Male,6491,0.09135726390386689,0.09305191804036358,0.23777403035413153,0.07850118684299763,0.23344370860927152,0.6493732405359921,True
age_band,[70-80),3606,0.1048252911813644,0.12839711591791458,0.2830687830687831,0.11028500619578686,0.23110151187904968,0.6551003783036001,True
age_band,[60-70),3125,0.08768,0.08256,0.1897810218978102,0.07225534900035076,0.20155038759689922,0.6263790141504966,True
age_band,[50-60),2466,0.07907542579075426,0.05879967558799676,0.18461538461538463,0.0479964773227653,0.2482758620689655,0.6758301437297474,True
age_band,[80-90),2239,0.10183117463153193,0.15899955337204108,0.3157894736842105,0.14122327200397813,0.20224719101123595,0.6348875046891221,True
age_band,[40-50),1352,0.0695266272189349,0.038461538461538464,0.11702127659574468,0.03259141494435612,0.21153846153846154,0.633283158001556,True
age_band,[30-40),537,0.06517690875232775,0.0260707635009311,0.17142857142857143,0.01593625498007968,0.42857142857142855,0.7291405805350029,True
age_band,[90-100),331,0.09969788519637462,0.12084592145015106,0.2727272727272727,0.1040268456375839,0.225,0.6134838316046369,True
age_band,[20-30),204,0.07352941176470588,0.058823529411764705,0.4666666666666667,0.026455026455026454,0.5833333333333334,0.7961199294532628,True
age_band,[10-20),109,0.045871559633027525,0.027522935779816515,0.2,0.019230769230769232,0.3333333333333333,0.6807692307692308,True
age_band,[0-10),29,0.0,,,,,,False
payer_group,Unknown/Unrecorded,6153,0.09946367625548513,0.13570615959694457,0.30718954248366015,0.11676592672802744,0.2251497005988024,0.6586370997896842,True
payer_group,Government,4705,0.09415515409139213,0.08119022316684378,0.18058690744920994,0.07085875175973722,0.2094240837696335,0.6183025381527976,True
payer_group,Commercial,2478,0.06133979015334948,0.035916061339790153,0.1513157894736842,0.028374892519346516,0.25842696629213485,0.6919972168167625,True
payer_group,Self-pay/Charity,662,0.0755287009063444,0.055891238670694864,0.2,0.04411764705882353,0.2702702702702703,0.6520915032679738,True
