missing_rate,imputer,val_roc_auc,val_pr_auc
0.0,median,0.6380126249442959,0.15973058587682465
0.0,knn,0.6380126249442959,0.15973058587682465
0.0,mice,0.6380126249442959,0.15973058587682465
0.1,median,0.6313590444019729,0.1574249876624167
0.1,knn,0.6375854745643219,0.16138031175807568
0.1,mice,0.6313115277466359,0.15001310593440928
0.2,median,0.61808023096716,0.1427545337238739
0.2,knn,0.6319729520961558,0.15411096998939733
0.2,mice,0.6070817174704631,0.1312228273836918
0.3,median,0.6129546137267438,0.14110636456155098
0.3,knn,0.6294632484895666,0.15556852523608267
0.3,mice,0.5991686645828023,0.1276979806863531
